paper_id,Summary,Questions,Limitations,Ethical Concerns,Soundness,Presentation,Contribution,Overall,Confidence,Strengths,Weaknesses,Originality,Quality,Clarity,Significance,Decision
layerwise_learning_rates,"The paper explores the impact of learning rate schedules on language model training, specifically focusing on linear and exponential decay schedules. The study aims to analyze their effects on training efficiency and accuracy using datasets like Shakespeare and Enwik8.","[""Can you provide detailed descriptions of the 'Related Work' and 'Background' sections?"", 'Could you elaborate on the methodology and experimental setup used in your study?', 'Can you provide detailed results, including figures, tables, and analysis?', 'What are the specific novel contributions of this work compared to existing literature?', 'How do the proposed schedules compare with other advanced schedules like cosine annealing or cyclical learning rates?', 'What baseline models were used for comparison in the experiments?']","[""The paper lacks essential sections and details, making it difficult to evaluate its contributions and limitations effectively. The authors should address these issues to improve the paper's clarity and completeness."", 'The paper does not adequately address limitations and potential negative impacts. More comprehensive evaluations and comparisons are needed to draw substantial conclusions.']",False,1,1,1,1,5,['The topic is relevant as learning rate schedules are crucial for training language models effectively.'],"[""The 'Related Work' and 'Background' sections are missing, which undermines the context and foundation of the study."", 'The methodology and experimental setup are not described in detail, making it difficult to assess the technical soundness and reproducibility of the work.', 'The results section is incomplete, lacking figures, tables, and detailed analysis, which are essential for evaluating the contributions of the paper.', 'The abstract and introduction are overly repetitive.', 'The paper lacks sufficient detail for reproducibility and validation.', 'The contributions are generic and do not provide clear insights into novel findings or methods.', 'Conclusion and future work sections are placeholders, leaving the paper without a proper ending.', 'Insufficient depth in analysis and comparison with existing work.', 'Poorly organized and lacks coherence in presentation.']",1,1,1,1,Reject
syntactic_complexity_aware_gpt,"The paper proposes an approach to adapting the attention mechanism in GPT models to syntactic complexity. It introduces a syntactic complexity estimation module that adjusts attention weights dynamically to prioritize complex input texts. The authors evaluate their model on language modeling tasks using the Shakespeare character dataset, Enwik8, and Text8, claiming improved results over baseline models.","['Can the authors provide more details on the syntactic complexity estimation module?', 'How does the proposed model compare to other state-of-the-art models in terms of performance metrics?', 'Can the authors elaborate on the experimental setup and provide more comprehensive results and analysis?', 'What are the specific improvements in validation loss compared to baseline models?', 'Can you elaborate on the datasets used and the evaluation metrics?', 'How does the model perform on other NLP tasks, such as text classification or machine translation?', 'Can you provide more detailed explanations of the syntactic complexity estimation module and how it integrates with the GPT model?', 'What are the baselines used for comparison in the experiments?']","[""The paper is incomplete, and critical details are missing, making it difficult to evaluate the work's overall quality and impact."", 'The paper fails to provide sufficient experimental validation, which raises concerns about the robustness and generalizability of the proposed method.', 'The paper does not discuss any limitations of the proposed approach or potential negative societal impacts. These should be addressed to provide a more balanced view of the work.']",False,1,1,2,2,5,"['The idea of adapting attention mechanisms to syntactic complexity is novel and could potentially improve language processing in GPT models.', 'The paper addresses an important aspect of language modeling by focusing on syntactic complexity, which is often overlooked in other models.']","['The paper is incomplete in several sections, including the introduction, related work, background, method, experimental setup, and results. This makes it difficult to assess the full scope and validity of the work.', 'There is a lack of detailed experimental results and analysis. The paper mentions improved results but does not provide sufficient data or metrics to support these claims.', 'The syntactic complexity estimation module is not described in detail, leaving the reader unclear about how it functions and integrates with the GPT model.', 'The paper lacks clarity and organization, making it challenging to follow the proposed approach and understand its contributions fully.', 'The related work section is missing, making it difficult to understand the context and contributions of this work within the existing body of research.', 'The experimental setup and results sections are placeholders with no actual data, methodology, or results provided.', 'There is no discussion on the limitations or potential ethical concerns of the proposed method.']",2,1,1,2,Reject
recency_effect_gpt,"The paper proposes incorporating the recency effect into the GPT model by modifying its attention mechanism to prioritize recent input tokens. The authors introduce a weighted attention layer and a new training objective that encourages the model to focus on recent tokens. They evaluate the model using perplexity and BLEU score on three datasets: Shakespeare’s plays, Enwik8, and Text8.","['How exactly is the weighted attention mechanism implemented in the GPT model?', 'What is the theoretical basis for the decaying weights over time?', 'Can the authors provide more rigorous ablation studies to isolate the impact of the recency effect modification?', 'How do the evaluation metrics (perplexity and BLEU score) specifically measure the incorporation of the recency effect in the generated text?', 'Can the authors provide a comparison with existing models that capture temporal dependencies in language generation?', 'How exactly are the weights in the weighted attention mechanism calculated and updated during training?', 'Can the authors provide more detailed ablation studies or comparisons with different baselines to strengthen the empirical claims?', 'How does the proposed model perform in terms of computational efficiency compared to the baseline GPT models?', 'What are the quantitative results (e.g., perplexity and BLEU score) comparing the proposed model with the baseline GPT model on the provided datasets?', 'How does your approach compare with other methods in the literature that address context and recency in language models?', 'How exactly is the recency-based loss function formulated and integrated into the training process?', 'Could you provide more extensive evaluation results, including qualitative examples of generated text?']","['The paper fails to discuss the limitations and potential negative societal impact of the proposed method. The effects of prioritizing recent input tokens could introduce biases that are not addressed.', 'The paper does not adequately address the limitations of the proposed approach, such as the potential increase in computational complexity due to the weighted attention mechanism.']",False,2,2,2,2,4,"['The idea of incorporating the recency effect into language models is novel and could potentially improve the contextual relevance of generated text.', 'The paper addresses an interesting aspect of language generation by attempting to incorporate the recency effect, which is a well-known cognitive bias.']","['The concept of the recency effect is not new, and its application here is somewhat superficial. The paper does not provide a deep theoretical justification or novel insight into why this specific modification would outperform existing methods.', 'The technical implementation is not robustly validated. The paper lacks details on how the weighted attention mechanism is implemented and integrated with the GPT architecture. The loss function introduced is vaguely described and not well-justified.', 'The paper is poorly organized. Essential details are missing or scattered, making it difficult to follow the methodology. The related work section is incomplete.', ""The experimental results are not compelling. Evaluations on Shakespeare's plays, Enwik8, and Text8 datasets using only perplexity and BLEU score do not provide comprehensive evidence of the model’s effectiveness. No comparison with other state-of-the-art models that address similar issues is provided."", 'The potential negative societal impacts and limitations of the approach are not discussed. Given the modification to attention mechanisms, it is important to consider how this might affect model behavior in unintended ways.']",2,2,2,2,Reject
entity_relationship_gpt,"The paper proposes an entity relationship-augmented GPT model to improve reasoning about entities and relationships in NLP tasks such as question answering, text classification, and entity disambiguation. The approach involves integrating an entity relationship extraction module with a GPT model.","['Can the authors provide a detailed description of the methodology, including how the entity relationship extraction module is integrated with the GPT model?', 'What are the experimental results that demonstrate the effectiveness of the proposed approach?', 'How does the proposed approach compare to existing methods in the literature?', 'What is the experimental setup, including datasets used, evaluation metrics, and baselines for comparison?', 'Can the authors expand the related work section to include a more comprehensive review of existing approaches?', 'Can the authors provide a more detailed analysis of the results, including comparisons with baseline models?']","['The paper does not adequately address the limitations or potential negative societal impacts of the proposed approach.', 'The main limitation is the lack of detail in the methodology and experimental setup, which raises concerns about the validity and reproducibility of the results.', 'The paper also lacks a comprehensive analysis of the results and related work.']",False,1,1,2,2,4,"['The problem addressed is significant and relevant to the field of NLP.', 'The idea of enhancing a language model with structured knowledge is interesting and has potential.', 'The proposed integration of entity relationship extraction with GPT models is novel.']","['The paper lacks detail in the methodology section, making it difficult to understand how the integration of the entity relationship extraction module and GPT model is achieved.', 'The experimental setup and results sections are missing, providing no empirical evidence to support the claims made.', 'The paper is poorly organized, with several sections incomplete or missing.', 'There is no comparison with existing work in the related work section, making it unclear how the proposed approach differs from or improves upon prior methods.', 'The conclusions and future work sections are very brief and do not provide sufficient insights.']",2,1,1,2,Reject
adaptive_block_size,The paper proposes a method called Adaptive Block Size (ABS) to dynamically adjust the context window size during the training of transformer-based models. The goal is to improve training efficiency while maintaining competitive performance. The approach is validated through experiments on benchmark datasets like Shakespeare character-level language modeling and Enwik8.,"['Can you provide more details about the methodology used for dynamically adjusting the context window size?', 'What specific models, hyperparameters, and evaluation metrics were used in the experiments?', 'Can you share the results of your experiments to demonstrate the effectiveness of your approach?', 'Have you considered any limitations or potential negative societal impacts of your method?', 'How does your method compare with other state-of-the-art approaches for improving transformer training efficiency?', 'Can you provide ablation studies to show the impact of different components of your method?']","['The paper does not discuss any limitations or potential negative societal impacts of the proposed method. This should be addressed to provide a balanced view of the work.', 'The paper does not adequately address the limitations of the proposed method, such as potential computational overhead or the impact on model convergence.']",False,1,1,1,2,4,"['The idea of dynamically adjusting the context window size to improve the training efficiency of transformer-based models is novel and addresses a relevant challenge in NLP.', 'The problem addressed is highly relevant to the NLP community.']","['The methodology for dynamic adjustment of the context window is not detailed, making it difficult to assess the novelty and technical soundness.', 'The experimental setup, including models, hyperparameters, and evaluation metrics, is not provided.', 'The results section is missing, making it impossible to evaluate the effectiveness of the proposed method.', 'The paper does not discuss limitations or potential negative societal impacts.', 'The clarity of the writing needs improvement, especially in the method and experimental setup sections.', 'There is a lack of ablation studies to understand the impact of different components of the proposed method.']",2,2,2,2,Reject
idiomatic_gpt,"The paper proposes Idiomatic GPT, a language model designed to recognize and generate idiomatic expressions by leveraging attention mechanisms and knowledge graphs. The model's effectiveness is evaluated through experiments on datasets including Shakespeare character, Enwik8, and Text8, claiming improvements in idiom recognition, generation tasks, training loss, validation loss, and inference tokens per second.","['Can the authors provide detailed explanations and evidence for the claimed improvements?', 'Please include more experimental results and qualitative analysis.', 'How does the model handle different types of idioms across various contexts?', 'Can the authors provide a detailed description of the attention mechanisms and knowledge graphs used in the model?', 'How are the knowledge graphs integrated with the attention mechanisms?', 'What specific datasets were used for training and evaluation, and what were the exact experimental conditions?', 'How does the model performance compare to existing state-of-the-art models in idiom recognition and generation?']","['The paper does not discuss potential limitations or societal impacts of the proposed approach.', 'There is no mention of the possible negative societal impacts of the model, such as biases in idiom recognition related to cultural or linguistic diversity.', 'The paper should address potential limitations such as the handling of idioms that are highly context-dependent and rare idiomatic expressions not covered by the knowledge graph.', ""Given that idioms often rely on cultural context, it's important to address how the model handles cultural biases and misinterpretations.""]",False,1,1,2,2,4,"['Addresses a significant challenge in natural language processing: idiom recognition and generation.', 'Proposes a novel combination of attention mechanisms and knowledge graphs for idiom handling.']","['The paper lacks detailed explanations in several sections, making it difficult to assess the technical soundness.', 'No concrete evidence or detailed analysis provided for the improved performance claims.', 'Limited experimental results and missing qualitative analysis.', 'Clarity and structure of the paper are poor, making it difficult to follow.', 'No discussion on potential limitations or societal impacts.']",2,1,1,2,Reject
frequency_based_forgetting_gpt,"The paper proposes a frequency-based forgetting mechanism for GPT models, aiming to improve performance on language modeling, text generation, and question answering tasks. The mechanism selectively forgets input tokens based on their frequency during training to reduce overfitting.","['Can the authors provide a detailed literature review, especially focusing on existing approaches to forgetting in language models?', 'Please provide a comprehensive description of the experimental setup and the results obtained from the experiments.', 'Can you clarify the implementation details of the frequency-based forgetting mechanism?', 'What are the hyperparameters used in the experiments, and how were they chosen?', 'How does the proposed forgetting mechanism compare to existing methods for addressing overfitting in language models?', 'What is the theoretical justification for the proposed forgetting function?', 'Can the authors include a comprehensive related work section to contextualize their contributions?']","['The paper does not address the limitations of the proposed approach or discuss potential negative societal impacts, such as biases introduced by selective forgetting.']",False,1,1,2,2,4,"['The concept of frequency-based forgetting is novel and addresses an important problem in language modeling—overfitting.', 'The proposed mechanism has potential applications in various tasks like text generation and question answering.']","['The Related Work section is incomplete, lacking a comprehensive review of existing literature.', 'The Method section is not detailed enough to fully understand the proposed mechanism.', 'The Experimental Setup and Results sections are missing, making it impossible to evaluate the effectiveness of the proposed method.', 'The paper lacks clarity and completeness in several sections, which hampers understanding and reproducibility.', ""The mathematical formulation of the forgetting function is not well-explained, particularly the choice of parameters and their impact on the model's performance."", 'The paper does not adequately discuss potential limitations or negative societal impacts of the proposed approach.']",2,1,2,2,Reject
temporal_regularization,"The paper proposes the integration of temporal regularization techniques using L1 and L2 penalty terms to enhance the performance of language models. The method aims to improve model accuracy and coherence on datasets such as Shakespeare Char, Enwik8, and Text8.","['Can the authors provide a detailed description of the related work and background to position their contributions within the existing literature?', 'How are the L1 and L2 penalties integrated into the language model? Please provide a detailed explanation.', 'Can the authors elaborate on the experimental setup and provide comprehensive results to support their claims?', 'What are the specific results and metrics used to evaluate the performance of the proposed approach?', 'How does this approach compare to existing regularization techniques in terms of effectiveness and computational efficiency?', 'Can the authors provide more detailed conclusions and future work directions?', 'What are the limitations and potential negative societal impacts of your approach?']","['The paper lacks clarity and completeness in its current form. The authors should address the missing sections and provide a more detailed and comprehensive description of their methodology and results.', 'The paper does not adequately address its limitations or potential negative societal impacts. The authors should discuss these aspects more transparently.']",False,1,1,1,2,4,"['The idea of applying temporal regularization to language models is interesting and could potentially address consistency issues in sequential data.', 'Addresses an important issue of maintaining temporal consistency in language model predictions.']","['The related work and background sections are missing, which makes it difficult to position this work within the existing literature.', 'The experimental setup and results are not clearly presented, making it hard to evaluate the validity and impact of the proposed method.', 'The methodology section lacks sufficient detail to understand how the L1 and L2 penalties are integrated into the language model.', 'The paper is very brief and lacks depth in its explanations and analyses.', 'The paper is poorly organized and lacks clarity, which significantly hampers its readability and comprehensibility.', 'The conclusions and future work section appears to be a placeholder and lacks substantive content.', 'The experimental evaluation lacks depth and does not convincingly demonstrate the benefits of the proposed approach.', 'No discussion of limitations or potential negative societal impacts of the work.']",2,1,1,2,Reject
availability_heuristic_gpt,"The paper proposes a novel attention mechanism that prioritizes recent or frequently encountered information in GPT models to mitigate the availability heuristic. The authors claim this improves performance in language modeling, text generation, and text classification tasks. Experiments are conducted on datasets such as Shakespeare_char, Enwik8, and Text8.","['Can the authors provide a more detailed explanation of the frequency-based weighting function?', 'Why were only Shakespeare_char, Enwik8, and Text8 datasets chosen for experiments? How does the approach generalize to other datasets?', 'Can the authors provide more comprehensive results, including comparisons with other state-of-the-art methods?', 'What is the impact of the hyperparameter λ on the performance of the model?', 'Can you provide more details on the implementation of the new attention mechanism?', 'How do you ensure that the prioritization of recent or frequent information does not lead to overfitting?', 'What preprocessing steps were applied to the datasets used?', ""Can you provide more comprehensive results and analysis of your method's performance?"", 'How do you address potential ethical concerns and societal impacts of your approach?', 'Can you provide more details on the novel attention mechanism and how it is integrated into the GPT model?', 'How does the proposed method compare to other existing methods that address similar issues?', 'Can you provide more comprehensive experimental results, including ablation studies and comparisons with other baselines?', 'Can you provide a more detailed related work section to contextualize your contributions?', 'What is the theoretical justification for the design choices in your attention mechanism?', 'Can you complete the results section and provide a more detailed analysis of the findings?']","['The paper does not adequately address the potential limitations of the proposed approach, such as how it might perform on tasks with different types of data distributions.', 'There is no discussion on the potential negative societal impacts of the work.', 'The lack of detail in the methodology and experimental setup limits the reproducibility and reliability of the results.', 'Potential ethical concerns and societal impacts of using the availability heuristic are not addressed.', 'The paper lacks a comprehensive discussion on the limitations of the proposed method.', 'The paper needs significant improvements in clarity, theoretical grounding, and experimental validation.']",False,2,2,2,3,4,"['Addresses a relevant issue in language models regarding the availability heuristic.', 'Proposes a novel attention mechanism that can be applied to various language models and tasks.', 'The idea of modifying the attention mechanism to prioritize recent or frequent information is novel.']","['The paper lacks clarity in its explanation of the proposed methodology, especially the frequency-based weighting function.', 'Experimental setup and results are not sufficiently detailed. Key metrics and comparisons are missing, making it hard to assess the effectiveness of the approach.', ""The evaluation is limited to only a few datasets and doesn't provide a comprehensive analysis of different scenarios where the availability heuristic might impact performance."", 'The paper does not provide any ablation studies to show the impact of each component of the proposed method.', 'Several sections, including the results and conclusions, are incomplete or placeholders, indicating a lack of thoroughness.', 'The related work section is missing, which is crucial for understanding the novelty and positioning of the paper.', 'The connection to the availability heuristic is not well-grounded in cognitive science literature, making it hard to assess the validity of the approach.', 'The technical details are vague, lacking sufficient theoretical justification and discussion on design choices.', 'The paper does not provide sufficient qualitative analysis or visualizations to support its claims.', 'Ethical considerations and potential societal impacts of using this heuristic-based approach are not discussed.']",2,2,2,2,Reject
linguistic_difficulty_gpt,"The paper proposes integrating a linguistic difficulty estimator into the GPT model to improve performance on texts of varying complexity. The approach leverages linguistic features such as sentence length, syntactic complexity, and semantic ambiguity to predict text difficulty and adjust the model accordingly. The authors evaluate their approach on datasets like Shakespeare_char, Enwik8, and Text8, claiming improvements in model performance.","['Can the authors provide more details on the implementation of the linguistic difficulty estimator?', 'How is the linguistic difficulty estimator integrated into the GPT model?', 'What datasets were used for training and evaluation?', 'Can the authors provide empirical results to support their claims?', 'How does the proposed method compare with existing approaches in terms of performance?', 'Can you elaborate on the implementation details and the training process?', 'What specific linguistic features are used by the difficulty estimator?']","['The paper does not provide sufficient empirical evidence or detailed methodology to support its claims. The authors should include more details on the implementation, experimental setup, and results to make a convincing case for their approach.', 'The lack of detailed experimental analysis and comparison with existing baselines is a major limitation.', 'The paper does not adequately discuss its limitations or potential negative societal impacts.', ""The paper does not address how the difficulty estimator's predictions are validated or how its accuracy is measured.""]",False,1,1,2,3,4,"['Addresses an important problem in language modeling: handling input texts of varying complexity.', 'Proposes a novel integration of a linguistic difficulty estimator into the GPT model.', 'Potential to improve language model performance on diverse and complex texts.']","['The methodology section lacks sufficient details on the implementation of the linguistic difficulty estimator and its integration into the GPT model.', 'Experimental setup and results are missing or incomplete, making it difficult to assess the effectiveness of the proposed approach.', 'No ablation studies or comparisons with existing methods to demonstrate the advantages of the proposed approach.', 'The paper is not well-organized and lacks clarity in several sections, making it hard to follow the contributions and technical details.', 'The novelty of integrating a difficulty estimator into a language model is limited as similar approaches have been explored in past research.']",2,2,2,2,Reject
targeted_knowledge_distillation,"The paper proposes a novel approach to targeted knowledge distillation for transformer-based language models using attention mechanisms to selectively transfer knowledge from the teacher to the student model. The approach is validated through experiments on three datasets, demonstrating improved performance and efficiency.","['Can the authors provide the missing method section with detailed descriptions of the proposed approach?', 'Can the authors complete the experimental setup and results sections with thorough descriptions and quantitative results?', 'How does the proposed method compare to other state-of-the-art knowledge distillation techniques in terms of both performance and computational efficiency?', 'Can the authors include more details on the experimental setup, including hyperparameter settings, model architectures, and training procedures?', 'Are there any ablation studies or detailed analyses to validate the contribution of each component of the proposed approach?', 'Can the authors discuss potential limitations and any negative societal impacts of their work?']","['The major limitation is the incompleteness of the paper, which affects its clarity and the ability to assess the reproducibility and validity of the proposed method.', 'The paper does not adequately address the limitations or potential negative societal impacts of the proposed method.']",False,2,2,2,3,4,"['Addresses a relevant and timely problem in the field of NLP, particularly in the context of deploying large language models in resource-constrained environments.', 'Proposes a novel approach using attention mechanisms for selective knowledge transfer, which is an interesting and potentially impactful idea.']","['The methodology section lacks sufficient detail, making it difficult to fully understand the specifics of the proposed approach.', 'The experimental setup and results sections are incomplete, lacking detailed descriptions and quantitative results.', 'The related work section is underdeveloped and does not provide a comprehensive overview of existing methods and their limitations.', ""The paper's clarity suffers due to missing sections, making it challenging to assess the reproducibility of the results."", 'There is a lack of ablation studies or detailed analysis to validate the effectiveness of each component of the proposed method.', 'The paper does not adequately address the limitations or potential negative societal impacts of the proposed method.']",2,2,2,2,Reject
dual_scale_attention_gpt,"The paper investigates the impact of incorporating sparse attention layers into GPT models to improve computational efficiency without significantly sacrificing performance. Experiments were conducted on the Shakespeare character, Enwik8, and Text8 datasets, showing that the model experienced a slight increase in training and validation loss but maintained competitive performance.","['Can you provide a more detailed technical explanation of the sparse attention mechanism and how it is integrated into the GPT model?', 'How does your approach compare to other recent methods aimed at optimizing GPT models in terms of computational efficiency and performance?', 'Could you include a discussion of related work to better position your contributions within the current state of the art?', 'Can you provide more details about the experimental setup, including hyperparameter tuning and dataset specifics?', 'Can you provide the missing figures referenced in the results section?', 'How does the performance of the proposed model compare with state-of-the-art models on broader evaluation metrics like perplexity or BLEU scores?', 'What specific benefits does the proposed approach offer over existing methods, given the slight increase in training and validation loss?']","['The paper does not sufficiently discuss the potential limitations of the proposed method, such as the impact on generalization to other datasets or tasks.', 'The societal impact and ethical considerations are not addressed.', 'The requirement for significant computational resources is mentioned but not discussed in detail.', 'The impact of the proposed approach on other natural language processing tasks beyond the three datasets evaluated is not explored.']",False,2,2,2,3,4,"['The paper addresses a relevant problem in the optimization of GPT models, which are known for their computational expenses.', 'The idea of incorporating sparse attention layers to reduce computational costs is well-motivated and leverages existing techniques in a novel context.', 'The experimental results on three datasets provide some evidence that the proposed approach can be effective.']","['The paper lacks detailed technical explanations and formal descriptions of the sparse attention mechanism and its integration into GPT models.', 'There is an absence of related work discussion, which is crucial for positioning this work within the existing literature.', 'The experimental results are not sufficiently analyzed. The paper mentions slight increases in training and validation loss but does not provide a thorough comparison with baseline models or alternative methods.', 'The contribution appears incremental rather than groundbreaking, as it largely builds upon existing methods without a significant novel theoretical or empirical advancement.', 'The clarity of the paper is compromised by repetitive statements and a lack of clear structure in the presentation of results and methodology.', 'Figures mentioned in the text are missing, which hampers understanding and evaluation of the results.', ""Evaluation metrics are limited to training loss, validation loss, and inference speed; broader metrics are needed to fully assess the model's performance.""]",2,2,2,2,Reject
contrastive_forgetting_gpt,"The paper proposes a novel contrastive forgetting approach to selectively forget domain-specific patterns in language models while retaining general knowledge. The method introduces a contrastive loss function to achieve this goal and evaluates the approach on text generation tasks using Shakespeare character, Enwik8, and Text8 datasets.","['Could you provide the detailed methodology of the contrastive forgetting approach?', 'What are the experimental results, and how do they compare to baseline methods?', 'Can you elaborate on the related work and how your approach differs from existing methods?', 'What are the specifics of the experimental setup, including the datasets and evaluation metrics used?', 'What are the limitations of the proposed method, and are there any potential negative societal impacts?']","['The paper does not provide enough details to adequately address its limitations and potential negative societal impacts.', 'Given the focus on forgetting domain-specific patterns, it would be important to discuss potential unintended consequences, such as the loss of useful domain-specific knowledge.']",False,1,1,2,3,4,"['Addresses an important problem of selective forgetting in language models.', 'Proposes a novel contrastive forgetting approach, which is an interesting idea.']","['The methodology section is missing, making it impossible to understand how the proposed approach works.', 'The results and experimental setup sections are absent, preventing any evaluation of the claimed effectiveness.', 'No details on related work, which is crucial for contextualizing the contribution.', 'Lacks clarity and completeness, which are essential for high-quality research.', 'The paper is poorly organized and lacks clarity in several sections.', 'Insufficient discussion of limitations and potential negative societal impacts.']",2,1,2,3,Reject
domain_invariant_reps,"The paper proposes a novel approach to learning domain-invariant representations for language modeling by incorporating a domain-invariant loss function into the standard language modeling objective. The method aims to improve generalization across multiple domains and is evaluated on benchmark datasets including Shakespeare_char, Enwik8, and Text8.","['Can the authors provide a more detailed explanation of the domain-invariant loss function and how it is incorporated into the standard language modeling objective?', 'Can the authors include more detailed experimental results and ablation studies to validate the proposed method?', 'Can the authors provide a clear introduction and related work section to better contextualize their work?', 'What are the specific methods used for baseline comparisons?', 'What are the specific experimental settings and hyperparameters used in your evaluations?', 'Can you include figures or tables to illustrate the performance improvements?']",['The paper lacks a discussion on the limitations and potential negative societal impact of the proposed work.'],False,1,1,2,2,4,"['Addresses a crucial problem in language modeling: domain adaptation and generalization.', 'Proposes a novel approach by integrating a domain-invariant loss function into the standard language modeling objective.']","['The paper lacks detailed descriptions in critical sections, including introduction, related work, background, method, experimental setup, and results.', 'Insufficient experimental details make it difficult to reproduce the results.', 'The clarity of the writing is poor, making it hard to follow the contributions and methodology.', 'No discussion on the limitations and potential negative societal impact of the proposed work.', 'Lacks figures or tables to illustrate performance improvements.']",2,1,1,2,Reject
domain_adaptation_meta_learning,"The paper proposes a meta-learning approach for domain adaptation in language modeling, enabling the model to adapt to new domains with few-shot examples. The approach aims to bridge the gap between source and target domains, allowing the model to generalize well on the target domain without extensive retraining. The paper evaluates the approach on three datasets: Shakespeare character-level language modeling, Enwik8, and Text8.","['Can you provide more details on the methodology, including how meta-learning is integrated into the language modeling framework?', 'What are the specific experimental setups and evaluation metrics used in the experiments?', 'Can you show detailed results and analysis for the three datasets evaluated?', 'Can you include ablation studies to validate the contributions of individual components of the proposed method?', 'Can you provide a more comprehensive analysis and discussion of the results?', 'What are the specific metrics and baselines used for evaluation, and how do they compare to the proposed method?', 'Can the authors discuss potential limitations and ethical concerns related to their approach?']","['The paper does not discuss any limitations or potential negative societal impacts. Being upfront about these aspects is crucial for a balanced evaluation of the work.', 'The paper lacks sufficient detail in the method and experimental setup sections, making it difficult to assess the technical soundness and reproducibility.', 'The paper lacks thorough analysis and ablation studies to validate the contributions of individual components.', 'The clarity of the paper is poor, with key details missing or not well explained.']",False,1,1,2,2,4,"['The paper addresses an important and practical challenge in language modeling: domain adaptation.', 'The proposed approach to integrate meta-learning for efficient adaptation with few-shot examples is novel and could have significant implications if successful.']","['The paper lacks critical details in several sections: related work, background, method, experimental setup, and results. This makes it difficult to assess the technical soundness and overall quality of the paper.', 'There is no discussion on the limitations of the work or potential negative societal impacts.', 'The paper does not provide any ethical considerations.', 'Without detailed results, it is impossible to validate the claims made regarding the effectiveness of the approach.', 'The methodology section lacks sufficient detail, making it difficult to understand the exact implementation and novelty of the approach.', 'The experimental setup and results are not comprehensive. The paper does not provide enough empirical evidence to support its claims.', 'The paper lacks clarity and organization, making it hard to follow the proposed method and its evaluation.']",2,1,1,2,Reject
selective_forgetting_gpt,"The paper proposes a novel approach to mitigate catastrophic forgetting in GPT models by incorporating a selective forgetting mechanism. This mechanism aims to gradually forget previously learned knowledge, thereby reducing the impact of forgetting on performance. The approach is evaluated on the Shakespeare character dataset, Enwik8, and Text8, showing modest improvements in train loss and training time.","['Can you provide more details on the selective forgetting mechanism and how it is implemented?', 'What are the specific steps taken in the experimental setup to evaluate the proposed approach?', 'Can you provide more comprehensive results and analysis to support the claims made in the abstract?', 'How does the proposed method compare with other existing methods to mitigate catastrophic forgetting?', 'What specific metrics were used to evaluate performance improvements?', 'What are the theoretical foundations and justifications for the observed improvements in performance and training time?']","['The paper does not adequately address the limitations of the proposed approach. For example, it does not discuss potential negative impacts on model performance due to selective forgetting.', 'The clarity of the methodology is lacking, making it difficult to reproduce the results.', 'The performance improvements are modest and may not justify the complexity of the proposed mechanism.', 'The selective forgetting mechanism may need further validation on a broader set of tasks and real-world scenarios.']",False,2,2,2,3,4,"['Addresses an important problem of catastrophic forgetting in GPT models.', 'Proposes a novel selective forgetting mechanism.']","['Lacks detailed descriptions in several key sections, including Introduction, Related Work, Background, Method, Experimental Setup, and Results.', 'The reported improvements in performance and training time are relatively modest, with a maximum improvement of only 1.3% in train loss and a 4.5% reduction in training time.', 'Insufficient experimental details to understand the implementation and evaluation of the proposed mechanism.', 'Lack of ablation studies or comparisons with other existing methods to mitigate catastrophic forgetting.', 'The paper is incomplete, with missing sections such as the method, experimental setup, related work, background, and conclusions.', 'The results provided are minimal and do not include any information on generalization performance or statistical significance.', 'The paper lacks clarity and organization, making it difficult to follow and assess the validity of the claims.']",2,2,2,2,Reject
interpretable_dynamic_attention_gpt,"The paper presents a novel approach to sequence modeling using dynamic attention mechanisms to selectively focus on relevant parts of the input sequence. This aims to improve computational efficiency and model performance, particularly for long sequences. The approach is evaluated on several sequence modeling tasks, including machine translation, text summarization, and sentiment analysis, and claims significant improvements in efficiency and accuracy. The key contributions include a novel dynamic attention mechanism and an extensive evaluation on various tasks.","['Can the authors provide a detailed description of the dynamic attention mechanism and how it differs from existing attention mechanisms?', 'What are the specific metrics used to evaluate the model performance, and how do the results compare to baseline models?', 'Can the authors provide more detailed results, including statistical significance tests?', 'Please address and correct the incomplete sections and placeholder text in the paper.', 'How does the proposed method compare with other state-of-the-art methods in terms of computational efficiency and performance?', 'What are the specific hyperparameter choices and justifications for the experimental setup?', 'What are the limitations of the proposed method, and are there any potential negative societal impacts?', 'Can the authors provide more details on the datasets used and the preprocessing steps involved?']","['The paper does not adequately address the limitations of the proposed approach.', 'There is no discussion on potential negative societal impacts.']",False,1,2,2,2,4,"['Addresses a critical issue in sequence modeling: computational inefficiency, especially for long sequences.', 'Proposes a novel dynamic attention mechanism to selectively focus on relevant parts of the input sequence.', 'The idea is interesting and potentially impactful for various NLP tasks.']","['The methodology section lacks sufficient details on the implementation of the dynamic attention mechanism.', 'The experimental setup and results are not detailed enough to validate the claims of the paper.', 'The paper contains incomplete sections with placeholder text, indicating it is not a complete piece of work.', 'The related work section is not comprehensive and contains incorrectly formatted or non-existent citations.', 'The paper does not adequately address the limitations or potential negative societal impact of the proposed approach.']",2,1,2,2,Reject
primacy_effect_gpt,"The paper investigates the primacy effect in transformer-based language models, where initial input tokens disproportionately influence generated text, leading to suboptimal performance in text completion tasks. The authors propose a modification to the attention mechanism to mitigate this effect by adding a primacy bias term to the attention weights. The method is evaluated on the Shakespeare character dataset, showing improved performance in terms of perplexity, BLEU score, and novelty score.","['Can the authors provide a more detailed explanation of the primacy bias term and how it is incorporated into the attention mechanism?', 'Why were experiments limited to the Shakespeare character dataset? Can the authors provide results on more diverse datasets?', 'How does the proposed method compare with more recent or state-of-the-art models?', 'Can the authors conduct a more detailed ablation study to assess the contribution of the primacy bias term?', 'What are the computational costs associated with the proposed method?', 'Can the authors discuss potential limitations and negative societal impacts more thoroughly?', 'How does the proposed method handle longer input sequences, and does it maintain its effectiveness in such scenarios?', 'What are the specific hyperparameters used in the experiments, and how sensitive is the model to these hyperparameters?']","['The paper should expand its experimental evaluation to include more datasets to validate the generalizability of the proposed method.', 'Comparisons with recent and state-of-the-art models are missing, which could provide more context to the improvement claims.', 'The authors briefly mention computational resources as a limitation but do not elaborate on the specifics or potential solutions.', 'There is no discussion on the generalizability of the proposed method to other datasets or tasks beyond text completion.']",False,2,2,2,3,4,"['Addresses a relevant and significant issue in the field of NLP.', 'Proposes a novel modification to the attention mechanism to mitigate the primacy effect.', 'Empirical results show improvement over baseline models.']","['The methodological details are inadequately explained, particularly the incorporation of the primacy bias term.', 'The experiments are limited to a single dataset, which limits the generalizability of the findings.', 'Lacks comparisons with more recent or state-of-the-art models addressing similar issues.', 'Writing and clarity need improvement, especially in the methodology section.', 'The novelty of the method is limited as it only involves adding a bias term to the attention mechanism.', 'The improvements in perplexity are marginal, and the reported results are not compelling enough to justify the proposed changes.', 'The paper lacks a thorough ablation study to dissect the importance of each component of the proposed method.', 'Discussion on limitations and potential negative implications of the work is minimal.']",2,2,2,2,Reject
novelty_conditioned_gpt,"The paper proposes a novelty-conditioned GPT model that adjusts its language generation based on the novelty of the input sequence. The novelty detection module identifies novel input sequences and modifies the output generation to be more diverse and creative. The effectiveness of the approach is intended to be demonstrated through experiments on three datasets, but the paper lacks detailed methodological descriptions and empirical results.","['Can the authors provide a detailed description of the novelty detection module and how it integrates with the GPT model?', 'What metrics were used to evaluate the generation quality and diversity, and how do the results compare to the baseline models?', 'Can the authors include more details on the datasets used for experiments and the experimental setup?', 'Can you provide more details on the novelty detection module and how it modifies the GPT model?', 'Can you discuss any potential ethical concerns or limitations of your approach?']","['The primary limitation is the lack of detailed information in the provided sections, which hinders a thorough evaluation of the approach.', 'Potential negative societal impacts of generating more diverse and creative content should be discussed.', 'The paper does not adequately address the limitations of the proposed approach, such as handling false positives in novelty detection and the computational overhead of the novelty detection module.']",False,1,1,1,2,4,"['The idea of conditioning language generation on input novelty is interesting and addresses a relevant challenge in generative modeling.', 'Potential for enhancing the diversity and creativity of generated text.']","['The paper is incomplete, with key sections like the introduction, related work, methodology, experimental setup, and results missing or placeholder text.', 'There is no detailed description of the novelty detection module or how it is integrated with GPT.', 'No empirical evidence or experimental results are provided to substantiate the claims of improved generation quality and diversity.', 'The figure included in the paper lacks a caption or context, further indicating the incomplete nature of the submission.', 'The paper does not discuss any limitations or potential negative societal impacts.']",2,1,1,2,Reject
